Zetu Men's Surf Line Swim Shorts - Blue,"KSh2,550.00",30%,No reviews,0.00,Sale,
Zetu Men's 'Make Yourself...' Shorts - Grey,"KSh1,800.00",30%,No reviews,0.00,Sale,
Zetu Men's Diagonal Line Textured Shorts - White,"KSh1,800.00",30%,No reviews,0.00,Sale,
Zetu Men's Diagonal Line Textured Shorts - Grey,"KSh1,800.00",30%,No reviews,0.00,Sale,
Zetu Men's Square Textured Shorts - Grey,"KSh1,800.00",30%,1 review,5.00,Sale,
Zetu Men's Square Textured Shorts - White,"KSh1,800.00",30%,No reviews,0.00,Sale,
Zetu Men's Square Textured Shorts - Black,"KSh1,800.00",30%,No reviews,0.00,Sale,
Zetu Men's Letter Print Shorts - Black,"KSh1,800.00",30%,No reviews,0.00,Sale,
Zetu Men's 'Make Yourself...' Shorts - Beige,"KSh2,100.00",30%,No reviews,0.00,Sale,
Zetu Men's 'Make Yourself...' Shorts - Black,"KSh1,800.00",30%,No reviews,0.00,Sale,
Zetu Men's 'Make Yourself...' Shorts - White,"KSh1,800.00",30%,No reviews,0.00,Sale,
Zetu Men's Beach Shorts - Teal,"KSh2,100.00",30%,No reviews,0.00,Sale,
Zetu Men's Print Beach Shorts - Pink,"KSh2,100.00",30%,No reviews,0.00,Sale,
Zetu Men's Surf Line Swim Shorts - Blue,"KSh2,550.00",30%,No reviews,0.00,Sale,
Zetu Men's 'Make Yourself...' Shorts - Grey,"KSh1,800.00",30%,No reviews,0.00,Sale,
Zetu Men's Diagonal Line Textured Shorts - White,"KSh1,800.00",30%,No reviews,0.00,Sale,
Zetu Men's Diagonal Line Textured Shorts - Grey,"KSh1,800.00",30%,No reviews,0.00,Sale,
Zetu Men's Square Textured Shorts - Grey,"KSh1,800.00",30%,1 review,5.00,Sale,
Zetu Men's Square Textured Shorts - White,"KSh1,800.00",30%,No reviews,0.00,Sale,
Zetu Men's Square Textured Shorts - Black,"KSh1,800.00",30%,No reviews,0.00,Sale,
Zetu Men's Letter Print Shorts - Black,"KSh1,800.00",30%,No reviews,0.00,Sale,
Zetu Men's 'Make Yourself...' Shorts - Beige,"KSh2,100.00",30%,No reviews,0.00,Sale,
Zetu Men's 'Make Yourself...' Shorts - Black,"KSh1,800.00",30%,No reviews,0.00,Sale,
Zetu Men's 'Make Yourself...' Shorts - White,"KSh1,800.00",30%,No reviews,0.00,Sale,
Zetu Men's Beach Shorts - Teal,"KSh2,100.00",30%,No reviews,0.00,Sale,
Zetu Men's Print Beach Shorts - Pink,"KSh2,100.00",30%,No reviews,0.00,Sale,
Zetu Men's Print Beach Shorts - Brown/Blue,"KSh2,100.00",30%,No reviews,0.00,Sale,
Zetu Men's Beach Shorts - Brown,"KSh2,100.00",30%,No reviews,0.00,Sale,
Zetu Men's Beach Shorts - Navy Blue,"KSh2,100.00",30%,No reviews,0.00,Sale,
Zetu Men's Beach Shorts - Mint Green,"KSh2,100.00",30%,No reviews,0.00,Sale,
Zetu Men's Beach Shorts - Pink,"KSh2,100.00",30%,No reviews,0.00,Sale,
Zetu Men's Beach Shorts - Black,"KSh2,100.00",30%,No reviews,0.00,Sale,
Zetu Men's Chino Shorts - Salmon Orange,"KSh2,500.00",30%,No reviews,0.00,Sale,
Zetu Men's Chino Shorts - Khaki Grey,"KSh2,500.00",30%,No reviews,0.00,Sale,
Zetu Men's Chino Shorts - Mustard,"KSh2,500.00",30%,No reviews,0.00,Sale,
Zetu Men's Chino Shorts - Stone Blue,"KSh2,500.00",30%,No reviews,0.00,Sale,
Zetu Men's Chino Shorts - Teal Blue,"KSh2,500.00",30%,No reviews,0.00,Sale,
Zetu Men's Chino Shorts - Maroon,"KSh2,500.00",30%,No reviews,0.00,Sale,
Zetu Men's Chino Shorts - Navy Blue,"KSh2,500.00",30%,No reviews,0.00,Sale,
Zetu Men's Chino Shorts - Cream,"KSh2,500.00",30%,No reviews,0.00,Sale,
Zetu Men's Chino Shorts - White,"KSh2,500.00",30%,No reviews,0.00,Sale,
Zetu Men's Chino Shorts - Black,"KSh2,500.00",30%,No reviews,0.00,Sale,
Alladin Zecchino Per Men's Short - White,"KSh1,600.00",30%,No reviews,0.00,Sale,
Alladin Zecchino Per Men's Short - Black,"KSh1,600.00",30%,2 reviews,5.00,Sale,
Alladin Zecchino Men's Breakfield Short - Grey,"KSh1,600.00",30%,No reviews,0.00,Sale,
King's Collection Unisex Joggers - Navy Blue,"KSh1,850.00",15%,3 reviews,4.67,Sale,
King's Collection Unisex Joggers - Black,"KSh1,850.00",15%,1 review,5.00,Sale,
King's Collection Unisex Straight Leg Joggers - Black,"KSh1,650.00",15%,2 reviews,4.50,Sale,
King's Collection Unisex Straight Leg Joggers - Dark Grey,"KSh1,650.00",15%,No reviews,0.00,Sale,
King's Collection Unisex Straight Leg Joggers - Navy Blue,"KSh1,650.00",15%,No reviews,0.00,Sale,
King's Collection Unisex Cuffed Joggers - Black,"KSh1,650.00",15%,No reviews,0.00,Sale,
King's Collection Unisex Cuffed Joggers - Navy Blue,"KSh1,650.00",15%,No reviews,0.00,Sale,
King's Collection Unisex Cuffed Joggers - Dark Grey,"KSh1,650.00",15%,1 review,4.00,Sale,
